firstname,lastname,gender,phone,email
John,Smith,Male,01234 567890,john.smith@email.com
Sarah,Johnson,Female,01234 567891,sarah.johnson@email.com
Michael,Williams,Male,01234 567892,michael.williams@email.com
Emily,Brown,Female,01234 567893,emily.brown@email.com
David,Jones,Male,01234 567894,david.jones@email.com
Jessica,Garcia,Female,01234 567895,jessica.garcia@email.com
Christopher,Miller,Male,01234 567896,christopher.miller@email.com
Ashley,Davis,Female,01234 567897,ashley.davis@email.com
Matthew,Rodriguez,Male,01234 567898,matthew.rodriguez@email.com
Amanda,Wilson,Female,01234 567899,amanda.wilson@email.com
Daniel,Martinez,Male,01234 567900,daniel.martinez@email.com
Stephanie,Anderson,Female,01234 567901,stephanie.anderson@email.com
Robert,Taylor,Male,01234 567902,robert.taylor@email.com
Nicole,Thomas,Female,01234 567903,nicole.thomas@email.com
Andrew,Hernandez,Male,01234 567904,andrew.hernandez@email.com
Jennifer,Moore,Female,01234 567905,jennifer.moore@email.com
Joshua,Martin,Male,01234 567906,joshua.martin@email.com
Lisa,Jackson,Female,01234 567907,lisa.jackson@email.com
Kevin,Thompson,Male,01234 567908,kevin.thompson@email.com
Michelle,White,Female,01234 567909,michelle.white@email.com
Ryan,Lopez,Male,01234 567910,ryan.lopez@email.com
Angela,Lee,Female,01234 567911,angela.lee@email.com
Brandon,Gonzalez,Male,01234 567912,brandon.gonzalez@email.com
Heather,Harris,Female,01234 567913,heather.harris@email.com
Jason,Clark,Male,01234 567914,jason.clark@email.com
Megan,Lewis,Female,01234 567915,megan.lewis@email.com
William,Robinson,Male,01234 567916,william.robinson@email.com
Lauren,Walker,Female,01234 567917,lauren.walker@email.com
Timothy,Perez,Male,01234 567918,timothy.perez@email.com
Kimberly,Hall,Female,01234 567919,kimberly.hall@email.com
Brian,Young,Male,01234 567920,brian.young@email.com
Amy,Allen,Female,01234 567921,amy.allen@email.com
Steven,Sanchez,Male,01234 567922,steven.sanchez@email.com
Rachel,Wright,Female,01234 567923,rachel.wright@email.com
Jonathan,King,Male,01234 567924,jonathan.king@email.com
Samantha,Scott,Female,01234 567925,samantha.scott@email.com
Anthony,Green,Male,01234 567926,anthony.green@email.com
Melissa,Baker,Female,01234 567927,melissa.baker@email.com
Kenneth,Adams,Male,01234 567928,kenneth.adams@email.com
Elizabeth,Nelson,Female,01234 567929,elizabeth.nelson@email.com
Thomas,Hill,Male,01234 567930,thomas.hill@email.com
Christina,Ramirez,Female,01234 567931,christina.ramirez@email.com
Charles,Campbell,Male,01234 567932,charles.campbell@email.com
Rebecca,Mitchell,Female,01234 567933,rebecca.mitchell@email.com
Joseph,Roberts,Male,01234 567934,joseph.roberts@email.com
Laura,Carter,Female,01234 567935,laura.carter@email.com
Christopher,Phillips,Male,01234 567936,christopher.phillips@email.com
Julie,Evans,Female,01234 567937,julie.evans@email.com
Paul,Turner,Male,01234 567938,paul.turner@email.com
Karen,Torres,Female,01234 567939,karen.torres@email.com
Mark,Parker,Male,01234 567940,mark.parker@email.com
Deborah,Collins,Female,01234 567941,deborah.collins@email.com
Donald,Edwards,Male,01234 567942,donald.edwards@email.com
Sharon,Stewart,Female,01234 567943,sharon.stewart@email.com
George,Flores,Male,01234 567944,george.flores@email.com
Cynthia,Morris,Female,01234 567945,cynthia.morris@email.com
Edward,Nguyen,Male,01234 567946,edward.nguyen@email.com
Donna,Murphy,Female,01234 567947,donna.murphy@email.com
Ronald,Cook,Male,01234 567948,ronald.cook@email.com
Carol,Rogers,Female,01234 567949,carol.rogers@email.com
Gary,Reed,Male,01234 567950,gary.reed@email.com
Ruth,Morgan,Female,01234 567951,ruth.morgan@email.com
Frank,Bell,Male,01234 567952,frank.bell@email.com
Helen,Bailey,Female,01234 567953,helen.bailey@email.com
Raymond,Rivera,Male,01234 567954,raymond.rivera@email.com
Barbara,Cooper,Female,01234 567955,barbara.cooper@email.com
Gregory,Richardson,Male,01234 567956,gregory.richardson@email.com
Sandra,Cox,Female,01234 567957,sandra.cox@email.com
Jack,Howard,Male,01234 567958,jack.howard@email.com
Marie,Ward,Female,01234 567959,marie.ward@email.com
Philip,Torres,Male,01234 567960,philip.torres@email.com
Linda,Peterson,Female,01234 567961,linda.peterson@email.com
Carl,Gray,Male,01234 567962,carl.gray@email.com
Julie,Ramirez,Female,01234 567963,julie.ramirez@email.com
Harold,James,Male,01234 567964,harold.james@email.com
Diana,Watson,Female,01234 567965,diana.watson@email.com
Dennis,Brooks,Male,01234 567966,dennis.brooks@email.com
Carolyn,Kelly,Female,01234 567967,carolyn.kelly@email.com
Wayne,Sanders,Male,01234 567968,wayne.sanders@email.com
Janet,Price,Female,01234 567969,janet.price@email.com
Arthur,Bennett,Male,01234 567970,arthur.bennett@email.com
Catherine,Wood,Female,01234 567971,catherine.wood@email.com
Eugene,Barnes,Male,01234 567972,eugene.barnes@email.com
Frances,Ross,Female,01234 567973,frances.ross@email.com
Douglas,Henderson,Male,01234 567974,douglas.henderson@email.com
Beverly,Coleman,Female,01234 567975,beverly.coleman@email.com
Henry,Jenkins,Male,01234 567976,henry.jenkins@email.com
Joyce,Perry,Female,01234 567977,joyce.perry@email.com
Lawrence,Powell,Male,01234 567978,lawrence.powell@email.com
Virginia,Long,Female,01234 567979,virginia.long@email.com
Albert,Patterson,Male,01234 567980,albert.patterson@email.com
Gloria,Hughes,Female,01234 567981,gloria.hughes@email.com
Ralph,Flores,Male,01234 567982,ralph.flores@email.com
Janice,Washington,Female,01234 567983,janice.washington@email.com
Bobby,Butler,Male,01234 567984,bobby.butler@email.com
Kathleen,Simmons,Female,01234 567985,kathleen.simmons@email.com
Roy,Foster,Male,01234 567986,roy.foster@email.com
Joan,Gonzales,Female,01234 567987,joan.gonzales@email.com
Eugene,Bryant,Male,01234 567988,eugene.bryant@email.com
Martha,Alexander,Female,01234 567989,martha.alexander@email.com